Matrix Size,Poor OpenMP,Thrashing OpenMP,'Possible' Thrashing OpenMP,Correct OpenMP
8192,21.3904,7.77845,1.28086,1.37051
6144,2.48238,4.10626,0.731689,0.819169
4096,1.03743,1.48194,0.305642,0.39677
